filename,notes,authors,licenses,urls
body/bodies/male/light.png,"see details at https://opengameart.org/content/lpc-character-bases; 'Thick' Male Revised Run/Climb by JaidynReiman (based on ElizaWy's LPC Revised)","bluecarrot16,JaidynReiman,Benjamin K. Smith (BenCreating),Evert,Eliza Wyatt (ElizaWy),TheraHedwig,MuffinElZangano,Durrani,Johannes Sjölund (wulax),Stephen Challener (Redshrike)","OGA-BY 3.0,CC-BY-SA 3.0,GPL 3.0","https://opengameart.org/content/liberated-pixel-cup-lpc-base-assets-sprites-map-tiles,https://opengameart.org/content/lpc-medieval-fantasy-character-sprites,https://opengameart.org/content/lpc-male-jumping-animation-by-durrani,https://opengameart.org/content/lpc-runcycle-and-diagonal-walkcycle,https://opengameart.org/content/lpc-revised-character-basics,https://opengameart.org/content/lpc-be-seated,https://opengameart.org/content/lpc-runcycle-for-male-muscular-and-pregnant-character-bases-with-modular-heads,https://opengameart.org/content/lpc-jump-expanded,https://opengameart.org/content/lpc-character-bases"
head/heads/human/male/light.png,"original head by Redshrike, tweaks by BenCreating, modular version by bluecarrot16","bluecarrot16,Benjamin K. Smith (BenCreating),Stephen Challener (Redshrike)","OGA-BY 3.0,CC-BY-SA 3.0,GPL 3.0","https://opengameart.org/content/liberated-pixel-cup-lpc-base-assets-sprites-map-tiles,https://opengameart.org/content/lpc-character-bases"
hair/plain/adult/carrot.png,"","JaidynReiman,Manuel Riecke (MrBeast),Joe White","OGA-BY 3.0,CC-BY-SA 3.0,GPL 3.0","https://opengameart.org/content/liberated-pixel-cup-lpc-base-assets-sprites-map-tiles,https://opengameart.org/content/ponytail-and-plain-hairstyles,https://opengameart.org/content/lpc-expanded-hair"
shoulders/leather/male/leather.png,"adapted to female base by makrohn, adapted to v3 bases by bluecarrot16","Matthew Krohn (makrohn),Johannes Sjölund (wulax)","OGA-BY 3.0,CC-BY-SA 3.0,GPL 3.0","https://opengameart.org/content/lpc-medieval-fantasy-character-sprites,http://opengameart.org/content/lpc-clothing-updates"
arms/armour/plate/male/steel.png,"original by wulax, recolors by bigbeargames; adapted to v3 bases and further recolors by bluecarrot16","Michael Whitlock (bigbeargames),Matthew Krohn (makrohn),Johannes Sjölund (wulax)","OGA-BY 3.0,CC-BY-SA 3.0,GPL 3.0","https://opengameart.org/content/lpc-medieval-fantasy-character-sprites,http://opengameart.org/content/lpc-clothing-updates"
torso/armour/leather/male/leather.png,"adapted to v3 bases by bluecarrot16","Johannes Sjölund (wulax)","OGA-BY 3.0,CC-BY-SA 3.0,GPL 3.0","https://opengameart.org/content/lpc-medieval-fantasy-character-sprites,http://opengameart.org/content/lpc-clothing-updates"
legs/leggings/male/leather.png,"Original bases by Redshrike, thrust/shoot bases by Wulax, original overalls by ElizaWy, base animations adapted from v3 overalls by bluecarrot16, leggings by JaidynReiman","bluecarrot16,ElizaWy,JaidynReiman,Mandi Paugh,William.Thompsonj,Johannes Sjölund (wulax),Stephen Challener (Redshrike)","OGA-BY 3.0,GPL 3.0","https://github.com/ElizaWy/LPC/tree/main/Characters/Clothing,https://opengameart.org/content/lpc-expanded-pants"
feet/shoes/basic/male/black.png,"original by wulax, edited for v3 base by bluecarrot16, Jump/Sit/Emote/Run/Revised Combat by JaidynReiman","JaidynReiman,bluecarrot16,Johannes Sjölund (wulax)","OGA-BY 3.0,CC-BY-SA 3.0,GPL 3.0","https://opengameart.org/content/lpc-medieval-fantasy-character-sprites,http://opengameart.org/content/lpc-clothing-updates,https://opengameart.org/content/lpc-expanded-socks-shoes"
shield/male/round_silver.png,"?","Johannes Sjölund (wulax),Michael Whitlock (bigbeargames),DarkwallLKE,Tuomo Untinen (reemax)","CC-BY-SA 3.0,GPL 3.0","https://opengameart.org/content/lpc-medieval-fantasy-character-sprites,https://opengameart.org/content/lpc-shields-pack"
weapon/sword/arming/universal/fg/bronze.png,"","ElizaWy; walk and down by JaidynReiman","OGA-BY 3.0","https://github.com/ElizaWy/LPC/tree/main/Characters/Props/Sword%2001%20-%20Arming%20Sword,https://opengameart.org/content/lpc-expanded-sit-run-jump-more"
weapon/sword/arming/universal/bg/bronze.png,"","ElizaWy; walk and down by JaidynReiman","OGA-BY 3.0","https://github.com/ElizaWy/LPC/tree/main/Characters/Props/Sword%2001%20-%20Arming%20Sword,https://opengameart.org/content/lpc-expanded-sit-run-jump-more"
weapon/sword/arming/attack_slash/bg/bronze.png,"","ElizaWy; walk and down by JaidynReiman","OGA-BY 3.0","https://github.com/ElizaWy/LPC/tree/main/Characters/Props/Sword%2001%20-%20Arming%20Sword,https://opengameart.org/content/lpc-expanded-sit-run-jump-more"
weapon/sword/arming/attack_slash/fg/bronze.png,"","ElizaWy; walk and down by JaidynReiman","OGA-BY 3.0","https://github.com/ElizaWy/LPC/tree/main/Characters/Props/Sword%2001%20-%20Arming%20Sword,https://opengameart.org/content/lpc-expanded-sit-run-jump-more"
weapon/sword/arming/attack_backslash/bg/bronze.png,"","ElizaWy; walk and down by JaidynReiman","OGA-BY 3.0","https://github.com/ElizaWy/LPC/tree/main/Characters/Props/Sword%2001%20-%20Arming%20Sword,https://opengameart.org/content/lpc-expanded-sit-run-jump-more"
weapon/sword/arming/attack_backslash/fg/bronze.png,"","ElizaWy; walk and down by JaidynReiman","OGA-BY 3.0","https://github.com/ElizaWy/LPC/tree/main/Characters/Props/Sword%2001%20-%20Arming%20Sword,https://opengameart.org/content/lpc-expanded-sit-run-jump-more"
weapon/sword/arming/attack_halfslash/bg/bronze.png,"","ElizaWy; walk and down by JaidynReiman","OGA-BY 3.0","https://github.com/ElizaWy/LPC/tree/main/Characters/Props/Sword%2001%20-%20Arming%20Sword,https://opengameart.org/content/lpc-expanded-sit-run-jump-more"
weapon/sword/arming/attack_halfslash/fg/bronze.png,"","ElizaWy; walk and down by JaidynReiman","OGA-BY 3.0","https://github.com/ElizaWy/LPC/tree/main/Characters/Props/Sword%2001%20-%20Arming%20Sword,https://opengameart.org/content/lpc-expanded-sit-run-jump-more"
